{"products":[{"id":"0.2735898649246","qty":1}],"totalPrice":2.3423348445045044e+26}